Bajaj EMI Iphone,4417,,,,,,,,,,,,,,,,,,,,Data (1).xlsx
Bajaj EMI Laptop,6112,,,,,,,,,,,,,,,,,,,,Data (1).xlsx
bajaj Emi retail,2204,,,,,,,,,,,,,,,,,,,,Data (1).xlsx
bajaj PL,12457,,,,,,,,,,,,,,,,,,,,Data (1).xlsx
home Loan,29000,,,,,,,,,,,,,,,,,,,,Data (1).xlsx
rent ,3452345,,,,,,,,,,,,,,,,,,,,Data (1).xlsx
Amex,9000,,,,,,,,,,,,,,,,,,,,Data (1).xlsx
ICICI,10000,,,,,,,,,,,,,,,,,,,,Data (1).xlsx
Current bill,2000,,,,,,,,,,,,,,,,,,,,Data (1).xlsx
RD,5000,,,,,,,,,,,,,,,,,,,,Data (1).xlsx
,,,,,,,,,,,,,,,,,,,,,Data (1).xlsx
,,,,,,,,,,,,,,,,,,,,,Data (1).xlsx
,3532535,,,,,,,,,,,,,,,,,,,,Data (1).xlsx
,,,,,,,,,,,,,,,,,,,,,Data (1).xlsx
,,,,,,,,,,,,,,,,,,,,,Data (1).xlsx
,,,,,,,,,,,,,,,,,,,,,Data (1).xlsx
,,,,,,,,,,,,,,,,,,,,,Data (1).xlsx
,,,,,,,,,,,,,,,,,,,,,Data (1).xlsx
,,,,,,,,,,,,,,,,,,,,,Data (1).xlsx
,,,,,,,,,,,,,,,,,,,,,Data (1).xlsx
,,,,,,,,,,,,,,,,,,,,,Data (1).xlsx
,,,,,,,,,,,,,,,,,,,,,Data (1).xlsx
,,,,,,,,,,,,,,,,,,,,,Data (1).xlsx
,,,,,,,,,,,,,,,,,,,,,Data (1).xlsx
,,,,,,,,,,,,,,,,,,,,,Data (1).xlsx
,,,,,,,,,,,,,,,,,,,,,Data (1).xlsx
,,,,,,,,,,,,,,,,,,,,,Data (1).xlsx
,,,,,,,,,,,,,,,,,,,,,Data (1).xlsx
,,,,,,,,,,,,,,,,,,,,,Data (1).xlsx
,,,,,,,,,,,,,,,,,,,,,Data (1).xlsx
,,,,,,,,,,,,,,,,,,,,,Data (1).xlsx
,,,,,,,,,,,,,,,,,,,,,Data (1).xlsx
,,,,,,,,,,,,,,,,,,,,,Data (1).xlsx
,,,,,,,,,,,,,,,,,,,,,Data (1).xlsx
,,,,,,,,,,,,,,,,,,,,,Data (1).xlsx
,,,,,,,,,,,,,,,,,,,,,Data (1).xlsx
,,,,,,,,,,,,,,,,,,,,,Data (1).xlsx
,,,,,,,,,,,,,,,,,,,,,Data (1).xlsx
,,,,,,,,,,,,,,,,,,,,,Data (1).xlsx
,,,,,,,,,,,,,,,,,,,,,Data (1).xlsx
,,,,,,,,,,,,,,,,,,,,,Data (1).xlsx
,,,,,,,,,,,,,,,,,,,,,Data (1).xlsx
,,,,,,,,,,,,,,,,,,,,,Data (1).xlsx
,,,,,,,,,,,,,,,,,,,,,Data (1).xlsx
,,,,,,,,,,,,,,,,,,,,,Data (1).xlsx
,,,,,,,,,,,,,,,,,,,,,Data (1).xlsx
,,,,,,,,,,,,,,,,,,,,,Data (1).xlsx
,,,,,,,,,,,,,,,,,,,,,Data (1).xlsx
,,,,,,,,,,,,,,,,,,,,,Data (1).xlsx
,,,,,,,,,,,,,,,,,,,,,Data (1).xlsx
